subject,folder
JS_Indispensable,JS_Indispensable
JS_Closure_Hoisting,JS_Closure_Hoisting
JS_Objects,JS_Objects
JS_Functions,JS_Functions
JS_Types_and_Syntax,JS_Types_and_Syntax
JS_ES6,JS_ES6
JS_Patterns,JS_Patterns
JS_Useful_Methods,JS_Useful_Methods
JS_Tips,JS_Tips
JS_Other,JS_Other
Node,Node
CSS,CSS
CSS_Grid,CSS_Grid
SCSS,SCSS
ReactRedux,ReactRedux
ReactFunctComps,ReactFunctComps
ReactClassBased,ReactClassBased
ReactTDD,ReactTDD
ReactTDD_JestMethods,ReactTDD_JestMethods
HTML,HTML
Tools,Tools
DataStructures,DataStructures
Git,Git
Webpack_Babel,Webpack_Babel
q_preview,q_preview